CLASS, ORIGINAL, ENCRYPTED, NOTE
"org.aviran.cookiebar2.CookieBar","CookieBar","+XYVUR0Pb",""
"org.aviran.cookiebar2.CookieBar","1.0","\x1c\x18\x19",""
"org.aviran.cookiebar2.annotations.LibraryDetail","N/A","6\x18+",""
"org.aviran.cookiebar2.annotations.LibraryDetail","0.0","\x1b\x18\x19",""
"com.arxan.guardit4j.annotationsobfuscation.AnnotatedField","->","Ug",""
"com.arxan.guardit4j.annotationsobfuscation.AnnotatedField",":","<",""
"com.arxan.guardit4j.annotationsobfuscation.AnnotatedMethod",".","\x19",""
"com.arxan.guardit4j.annotationsobfuscation.AnnotatedMethodArgument",".","\xa",""
"com.arxan.guardit4j.annotationsobfuscation.AnnotatedMethodArgument","_","\xb",""
"com.arxan.guardit4j.annotationsobfuscation.AnnotationInvocationHandler","Not an annotation: ","\x3%+W\x1a(Z\x1d+,.4""6,33\x7ff",""
"com.arxan.guardit4j.annotationsobfuscation.AnnotationInvocationHandler","Missing value(s) for ","*GRSJPJ\x4[GS]N\x12^\x15\xdT^b\x11",""
"com.arxan.guardit4j.annotationsobfuscation.AnnotationInvocationHandler",",","o",""
"com.arxan.guardit4j.annotationsobfuscation.AnnotationInvocationHandler","Incompatible type(s) provided for ","d\xb\x1\xe\xd\x11\x3\x17\xd\x7\x12\xcG\x1d#\x1b\x11T!WO!$""*\x1e\x1a\x1c\x1cX *.\",""
"com.arxan.guardit4j.annotationsobfuscation.AnnotationInvocationHandler",",","O",""
"com.arxan.guardit4j.annotationsobfuscation.AnnotationProtectionDescription","","","No string literals found"
"com.arxan.guardit4j.annotationsobfuscation.AnnotationsWrapper","newProxyInstance","rj}Wzx\x3\x5U{\x2\x4q\x7fux",""
"com.arxan.guardit4j.annotationsobfuscation.AnnotationsWrapper","getAnnotationsByType","""\x1f-x%$$(\x14&\x1a\x1f\x1d!n%~#\x19\xd",""
"com.arxan.guardit4j.annotationsobfuscation.AnnotationsWrapper","getDeclaredAnnotation","~{\xaXxu}q\x2sqMyxx|hznsq",""
"com.arxan.guardit4j.annotationsobfuscation.AnnotationsWrapper","getDeclaredAnnotationsByType","C@N\x1d=:B6F86\x12>==A-?386:\x8>\x18<2&",""
"com.arxan.guardit4j.annotationsobfuscation.AnnotationsWrapper","getAnnotationsByType","HES\x1fKJJN:L@ECG\x15K%I?3",""
"com.arxan.guardit4j.annotationsobfuscation.AnnotationsWrapper","getDeclaredAnnotation","fcq@`]eYi[Y5a``dPbV[Y",""
"com.arxan.guardit4j.annotationsobfuscation.AnnotationsWrapper","getDeclaredAnnotationsByType","2/=\xc,)1%5'%\x1-,,0\x1c.""'%)v-\x7+!\x15",""
"com.arxan.guardit4j.annotationsobfuscation.AnnotationsWrapper","getAnnotationsByType","65E\x13ABDJ8LBIIO\x1fW3YQG",""
"com.arxan.guardit4j.annotationsobfuscation.AnnotationsWrapper","getDeclaredAnnotation","xw\x8Xzy\x4y\xc\x7f\x7f]\xc\xd\xf\x15\x3\x17\xd\x14\x14",""
"com.arxan.guardit4j.annotationsobfuscation.AnnotationsWrapper","getDeclaredAnnotationsByType","`_o@bakasggEstv|j~t{{\x2Q\xae\xc\x4y",""
"com.arxan.guardit4j.annotationsobfuscation.AnnotationsWrapper","getAnnotationsByType","KJZ(VWY_MaW^^d4lHnf\",""
"com.arxan.guardit4j.annotationsobfuscation.AnnotationsWrapper","getDeclaredAnnotation","b_m<\YaUeWU1]\\`L^RWU",""
"com.arxan.guardit4j.annotationsobfuscation.AnnotationsWrapper","getDeclaredAnnotationsByType","&#1\x7f \x1d%\x19)\x1b\x19t!  $\x10""\x16\x1b\x19\x1dj!z\x1f\x15\x9",""
"com.arxan.guardit4j.annotationsobfuscation.AnnotationsWrapper","<init>","\x7f,0*4|",""
"com.arxan.guardit4j.annotationsobfuscation.AnnotationsWrapper","java.lang.reflect.Executable","\x15\xb\x1f\x9T\x12\x6\x12\xaO\x13\x5\x5\xa\x2~\xfG]\x10{x\xa\x8ss|t",""
"com.arxan.guardit4j.annotationsobfuscation.AnnotationsWrapper","getAnnotation","0-;\x73226""4(-+",""
"com.arxan.guardit4j.annotationsobfuscation.AnnotationsWrapper","java.lang.reflect.Executable","0(>*w7-;5|B68?98J\x5\x1dQ?>QQ?ALF",""
"com.arxan.guardit4j.annotationsobfuscation.AnnotationsWrapper","getAnnotations","\xd\xc\x1ci\x18\x19\x1b!\xf#\x19  &",""
"com.arxan.guardit4j.annotationsobfuscation.AnnotationsWrapper","java.lang.reflect.Executable",";3I5\x3B8F@\x8MACJDCU\x10(\JI\\JLWQ",""
"com.arxan.guardit4j.annotationsobfuscation.AnnotationsWrapper","getAnnotationsByType","1.<\x84337#5).,0}4\xe2(\x1c",""
"com.arxan.guardit4j.annotationsobfuscation.AnnotationsWrapper","java.lang.reflect.Executable","\x14\xa\x1e\x8S\x11\x5\x11\x9N\x12\x4\x4\x9\x1}\xeF\\xfzw\x9\x7rr{s",""
"com.arxan.guardit4j.annotationsobfuscation.AnnotationsWrapper","getDeclaredAnnotation","\x1e\x1b)w\x18\x15\x1d\x11!\x13\x11l\x19\x18\x18\x1c\x8\x1a\xe\x13\x11",""
"com.arxan.guardit4j.annotationsobfuscation.AnnotationsWrapper","java.lang.reflect.Executable","LBV@\xcI=IA\x7J<<A96F~\x15G30A?++4,",""
"com.arxan.guardit4j.annotationsobfuscation.AnnotationsWrapper","getDeclaredAnnotations",">;I\x1885=1A31\xd988<(:.315",""
"com.arxan.guardit4j.annotationsobfuscation.AnnotationsWrapper","java.lang.reflect.Executable","d\r^,kaoi1vjlsml~9Q\x6sr\x6\x6su\x1z",""
"com.arxan.guardit4j.annotationsobfuscation.AnnotationsWrapper","getDeclaredAnnotationsByType","UTd5WV`Vh\\:hikq_sippvF~Z\x1xn",""
"com.arxan.guardit4j.annotationsobfuscation.AnnotationsWrapper","java.lang.reflect.Executable","\x11\x9\x1f\xbX\x18\xe\x1c\x16]#\x17\x19 \x1a\x19+e}2 \x1f22 ""-'",""
"com.arxan.guardit4j.annotationsobfuscation.AnnotationsWrapper","getParameterAnnotations","-,<\x19+=-:3C5C\x13ABDJ8LBIIO",""
"com.arxan.guardit4j.annotationsobfuscation.AnnotationsWrapper","java.lang.reflect.Parameter","\xc\x4\x1a\x6S\x13\x9\x17\x11X\x1e\x12\x14\x1b\x15\x14&`\x4\x16(\x18%\x1e. .",""
"com.arxan.guardit4j.annotationsobfuscation.AnnotationsWrapper","getAnnotation","41?\xb766:&8,1/",""
"com.arxan.guardit4j.annotationsobfuscation.AnnotationsWrapper","java.lang.reflect.Parameter","\xf\x7\x1d\x9V\x16\xc\x1a\x14[!\x15\x17\x1e\x18\x17)c\x7\x19+\x1b(!1#1",""
"com.arxan.guardit4j.annotationsobfuscation.AnnotationsWrapper","getAnnotations","ut\x5R\x1\x2\x4\xaw\xc\x2\x9\x9\xf",""
"com.arxan.guardit4j.annotationsobfuscation.AnnotationsWrapper","java.lang.reflect.Parameter","+#9%r2(60w=13:43E\x7f#5G7D=M?M",""
"com.arxan.guardit4j.annotationsobfuscation.AnnotationsWrapper","getAnnotationsByType",";8F\x12>==A-?386:\x8>\x18<2&",""
"com.arxan.guardit4j.annotationsobfuscation.AnnotationsWrapper","java.lang.reflect.Parameter","\xc\x4\x1a\x6S\x13\x9\x17\x11X\x1e\x12\x14\x1b\x15\x14&`\x4\x16(\x18%\x1e. .",""
"com.arxan.guardit4j.annotationsobfuscation.AnnotationsWrapper","getDeclaredAnnotation","a`pAcblbthhFtuw}k\x7fu||",""
"com.arxan.guardit4j.annotationsobfuscation.AnnotationsWrapper","java.lang.reflect.Parameter","A7K5\x1>2>6{?116.+;s\x15%5#.%3#/",""
"com.arxan.guardit4j.annotationsobfuscation.AnnotationsWrapper","getDeclaredAnnotations","BAQ""DCMCUII'UVX^L`V]]c",""
"com.arxan.guardit4j.annotationsobfuscation.AnnotationsWrapper","java.lang.reflect.Parameter","WMaK\x17THTL\x12UGGLDAQ\xa+;K9D;I9E",""
"com.arxan.guardit4j.annotationsobfuscation.AnnotationsWrapper","getDeclaredAnnotationsByType","zy\xaZ|{\x6{\xe\x2\x2_\xe\xf\x11\x17\x5\x19\xf\x16\x16\x1ck$\x7f&\x1e\x14",""
"com.arxan.guardit4j.annotationsobfuscation.AnnotationsWrapper","java.lang.reflect.Executable",":2H4\x2A7E?\x7L@BICBT\xf'[IH[[IKVP",""
"com.arxan.guardit4j.annotationsobfuscation.AnnotationsWrapper","java.lang.reflect.Executable","\x8}\x12{G\x5x\x5|B\x6ww|tq\x2:P\x3nk|zffog",""
"com.arxan.guardit4j.annotationsobfuscation.AnnotationsWrapper","java.lang.reflect.Executable","zp\x5n:wkwo5xjjogdt-Cua^omYYbZ",""
"com.arxan.guardit4j.annotationsobfuscation.AnnotationsWrapper","getAnnotationsByType","\x1e\x1b)t!  $\x10""\x16\x1b\x19\x1dj!z\x1f\x15\x9",""
"com.arxan.guardit4j.annotationsobfuscation.AnnotationsWrapper","java.lang.reflect.Executable","\xd\x5\x1b\x7T\x14\xa\x18\x12Y\x1f\x13\x15\x1c\x16\x15'ay.\x1c\x1b..\x1c\x1e)#",""
"com.arxan.guardit4j.annotationsobfuscation.AnnotationsWrapper","getDeclaredAnnotation","\x17\x14""p\x11\xe\x16\xa\x1a\xc\xae\x12\x11\x11\x15\x1\x13\x7\xc\xa",""
"com.arxan.guardit4j.annotationsobfuscation.AnnotationsWrapper","java.lang.reflect.Executable","\x1d\x15+\x17d$\x1a(""i/#%,&%7q\xa>,+>>,.93",""
"com.arxan.guardit4j.annotationsobfuscation.AnnotationsWrapper","java.lang.reflect.Executable","\RfP\x1cYMYQ\x17ZLLQIFV\xf%WC@QO;;D<",""
"com.arxan.guardit4j.annotationsobfuscation.AnnotationsWrapper","getDeclaredAnnotationsByType","MJX'GDL@PB@\x1cHGGK7I=B@D\x12H""F<0",""
"com.arxan.guardit4j.annotationsobfuscation.AnnotationsWrapper","B","\x7",""
"com.arxan.guardit4j.annotationsobfuscation.AnnotationsWrapper","C","3",""
"com.arxan.guardit4j.annotationsobfuscation.AnnotationsWrapper","D","\xa",""
"com.arxan.guardit4j.annotationsobfuscation.AnnotationsWrapper","F","\x11",""
"com.arxan.guardit4j.annotationsobfuscation.AnnotationsWrapper","I","\x10",""
"com.arxan.guardit4j.annotationsobfuscation.AnnotationsWrapper","J","`",""
"com.arxan.guardit4j.annotationsobfuscation.AnnotationsWrapper","S","d",""
"com.arxan.guardit4j.annotationsobfuscation.AnnotationsWrapper","Z","\x8",""
"com.arxan.guardit4j.annotationsobfuscation.AnnotationsWrapper","V","B",""
"com.arxan.guardit4j.annotationsobfuscation.AnnotationsWrapper","Unrecognized primitive ","\x1\x19\x1c\xe\xb\x16\xd\x13\xd\x1d\x7\x5?\xf\x10\x6\x9\x4\xe\x2\xe{5",""
"com.arxan.guardit4j.annotationsobfuscation.AnnotationsWrapper","(","y",""
"com.arxan.guardit4j.annotationsobfuscation.AnnotationsWrapper","(","\x6",""
"com.arxan.guardit4j.annotationsobfuscation.AnnotationsWrapper",")V","<j",""
"com.arxan.guardit4j.annotationsobfuscation.AnnotationsWrapper","<init>","\x7f.40<\x7",""
"com.arxan.guardit4j.annotationsobfuscation.AnnotationsWrapper","L","7",""
"com.arxan.guardit4j.annotationsobfuscation.AnnotationsWrapper","\.","U(",""
"com.arxan.guardit4j.annotationsobfuscation.AnnotationsWrapper","/","z",""
"com.arxan.guardit4j.annotationsobfuscation.AnnotationsWrapper",";","T",""
"com.arxan.guardit4j.annotationsobfuscation.AnnotationsWrapper","<init>","\x8482<\x5",""
"com.arxan.guardit4j.annotationsobfuscation.AnnotationsWrapper","java.lang.reflect.Executable","TJ^H\x14QEQI\xfRDDIA>N\x7\x1dO;8IG33<4",""
"com.arxan.guardit4j.annotationsobfuscation.AnnotationsWrapper","getDeclaringClass","\x13\x12""r\x15\x14\x1e\x14&\x1e$\x1ez%\x1b./",""
"com.arxan.guardit4j.annotationsobfuscation.AnnotationsWrapper","java.lang.reflect.Parameter","\xc\x4\x1a\x6S\x13\x9\x17\x11X\x1e\x12\x14\x1b\x15\x14&`\x4\x16(\x18%\x1e. .",""
"com.arxan.guardit4j.annotationsobfuscation.AnnotationsWrapper","getDeclaringExecutable","-,<\xd/.8.@8>8\x17K98KK9;F@",""
"com.arxan.guardit4j.annotationsobfuscation.AnnotationsWrapper","java.lang.reflect.Executable","\xd\x5\x1b\x7T\x14\xa\x18\x12Y\x1f\x13\x15\x1c\x16\x15'ay.\x1c\x1b..\x1c\x1e)#",""
"com.arxan.guardit4j.annotationsobfuscation.AnnotationsWrapper","getDeclaringClass","GFV'IHRHZRXR/YObc",""
"com.arxan.guardit4j.annotationsobfuscation.AnnotationsWrapper","java.lang.reflect.Executable","@8N:\x8G=KE\xdRFHOIHZ\x15-aONaaOQ\V",""
"com.arxan.guardit4j.annotationsobfuscation.AnnotationsWrapper","getName","tq\x7fXjul",""
"com.arxan.guardit4j.annotationsobfuscation.AnnotationsWrapper","<init>","\x19EICM\x16",""
"com.arxan.guardit4j.annotationsobfuscation.AnnotationsWrapper","java.lang.reflect.Parameter","\xd\x3\x17\x1L\xa}\xa\x2G\xb||\x2yv\x7?`p\x1nyp~nz",""
"com.arxan.guardit4j.annotationsobfuscation.AnnotationsWrapper","java.lang.reflect.Executable","IAWC\x11PFTN\x16[OQXRQc\x1e6jXWjjXZe_",""
"com.arxan.guardit4j.annotationsobfuscation.AnnotationsWrapper","getParameters","\xb\xa\x1av\x9\x1b\xb\x18\x11!\x13!#",""
"com.arxan.guardit4j.annotationsobfuscation.AnnotationsWrapper","getName","[Xf?Q\S",""
"com.arxan.guardit4j.annotationsobfuscation.StringEncryptionAlgorithm","","","No string literals found"
"com.arxan.guardit4j.random_nonce.SplitMix64","","","No string literals found"
"com.arxan.guardit4j.random_nonce.Xoroshiro128","","","No string literals found"
"com.arxan.guardit4j.random_nonce.Xorshift1024","","","No string literals found"
"com.arxan.guardit4j.random_nonce.Xorshift128","","","No string literals found"
"com.arxan.guardit4j.resourceencryption.AssetFileDescriptorCrypto","temp","&\x16\x1d\x1f",""
"com.arxan.guardit4j.resourceencryption.AssetFileDescriptorCrypto","Write to this resource is not supported","8RHRB{OIxL??HsE7D?D@01j3<g559c6710.01!\x1f",""
"com.arxan.guardit4j.resourceencryption.AssetFileDescriptorCrypto","Write parcel to this resource is not supported","1KAK;tD4D45;mA;j>11:e7)6162""#\%.Y''+U()#"" ""#\x13\x11",""
"com.arxan.guardit4j.resourceencryption.AssetManagerWrapper","rhyme.txt","\x4z\xd\x2zD\xc\x11\xe",""
"com.arxan.guardit4j.resourceencryption.AssetManagerWrapper","cr6wokq4pof4cfgy","(8|?85<\x7f==5\x448:M",""
"com.arxan.guardit4j.resourceencryption.AssetManagerWrapper","j6a0ynur0qj6pswg","T\x1fI\x17_SYU\x12RJ\x15NPSB",""
"com.arxan.guardit4j.resourceencryption.Decrypt","AES","\x1b /",""
"com.arxan.guardit4j.resourceencryption.Decrypt","AES/CBC/PKCS5PADDING","KP_<QQS@b^WhKgY]^djd",""
"com.arxan.guardit4j.resourceencryption.Decrypt","BC","oq",""
"com.arxan.guardit4j.resourceencryption.REGCipherInputStream","","","No string literals found"
"org.aviran.cookiebar2.BuildConfig","org.aviran.cookiebar2","~\x3x@t\xb~\x9x\x7G}\xb\xc\x9\x8\x5\x3\x3\x15U",""
"org.aviran.cookiebar2.BuildConfig","org.aviran.cookiebar2","wym3eyksam,`kjeb]YWg&",""
"org.aviran.cookiebar2.BuildConfig","release","E9A;8K>",""
"org.aviran.cookiebar2.BuildConfig","1.0","XVY",""
"org.aviran.cookiebar2.Cookie","Your custom cookie view is missing one of the default required views","\x8\x1f&$R\x17*)+'&Y\x1e+,)(%`8,)<e0;h74?@7=7pAA9tE=wMB@{ACEAVNW\x4WKX]R\PP\xddXUhe",""
"org.aviran.cookiebar2.Cookie$1","","","No string literals found"
"org.aviran.cookiebar2.Cookie$2","","","No string literals found"
"org.aviran.cookiebar2.Cookie$3","","","No string literals found"
"org.aviran.cookiebar2.Cookie$CookieBarDismissListener","","","No string literals found"
"org.aviran.cookiebar2.CookieBar","","","No string literals found"
"org.aviran.cookiebar2.CookieBar$1","","","No string literals found"
"org.aviran.cookiebar2.CookieBar$Builder","rhyme.txt","\x4z\xd\x2zD\xc\x11\xe",""
"org.aviran.cookiebar2.CookieBar$Builder","ERROR","\x17%&$(",""
"org.aviran.cookiebar2.CookieBar$Builder","Something went wrong.","Lihaqfhnh""zisz'\x7f{yys;",""
"org.aviran.cookiebar2.CookieBar$CustomViewInitializer","","","No string literals found"
"org.aviran.cookiebar2.CookieBar$Params","","","No string literals found"
"org.aviran.cookiebar2.OnActionClickListener","","","No string literals found"
"org.aviran.cookiebar2.TamperAction","AAR","*+=",""
"org.aviran.cookiebar2.TamperAction","DynamicInstrumentationDetectionGuard: Tampering detected"," TH:E@9\x1eBFFCE<3;@,>275\xa*8(%5).,\x41\x1c,\x1dqV\xa\x16!#\x17#\x19\x1d\x15L\x10\x10\x1e\xe\xb\x1b\xb\x9",""
"org.aviran.cookiebar2.TamperAction","AAR","DCS",""
"org.aviran.cookiebar2.TamperAction","DynamicInstrumentationDetectionGuard: Tampering not detected","\x9=1#.)""\x7+//,.%\x1c$)\x15'\x1b \x1er\x13!\x11\xe\x1e\x12\x17\x15l\x1a\x5\x15\x6Z?r~\xa\xc\x7f\xc\x2\x6}5\x3\x3\x71tt\x3ro\x7fom",""
"org.aviran.cookiebar2.TamperAction","AAR","]^p",""
"org.aviran.cookiebar2.TamperAction","RootDetectionGuard: Tampering detected","Vtu{Ln~po\x2w~~X\x8t\x7yP7lz\x8\xc\x2\x10\x8\xe\x8A\x7\x9\x19\xb\xa\x1c\xe\xe",""
"org.aviran.cookiebar2.TamperAction","AAR","\xd\xc\x1c",""
"org.aviran.cookiebar2.TamperAction","RootDetectionGuard: Tampering not detected","r\xf\xe\x12`\x1\xf~{\xc\x7f\x5\x3Z\x8r\x3sH-`lwymyosk#ppt\x1fbbp`]m][",""
"org.aviran.cookiebar2.TamperAction","AAR","hgw",""
"org.aviran.cookiebar2.TamperAction","HookDetectionGuard: Tampering detected","\x4,-*\x4&6('9/66\x10?,>1\x8n$2?C9G?E?x>@PBASEE",""
"org.aviran.cookiebar2.TamperAction","AAR","GHZ",""
"org.aviran.cookiebar2.TamperAction","HookDetectionGuard: Tampering not detected","1YZW1ScUTf\cc=lYk^5\x1cQ_lpftlrl&uw}*oq\x2sr\x5vv",""
"org.aviran.cookiebar2.TamperAction","AAR","tu\x8",""
"org.aviran.cookiebar2.TamperAction","EmulatorDetectionGuard: Emulator detected","\x18AJB8LHL\x1fAQCBTJQQ+ZGYL#\xa0YbZPd`d\x13XZj\[m__",""
"org.aviran.cookiebar2.TamperAction","AAR","}|\xd",""
"org.aviran.cookiebar2.TamperAction","EmulatorDetectionGuard: Emulator not detected","V}\x5zn\x1z|Mm{khxlqoGt_o`5\x1a>elbVhbd\x11^^b\xdPP^NK[KI",""
"org.aviran.cookiebar2.TamperAction","AAR","\x15\x14$",""
"org.aviran.cookiebar2.TamperAction","DebuggerDetectionGuard: Tampering detected","} \x1e2%&%3\x6(8*);188\x12A.@3\xap&4AE;IAGAz@BRDCUGG",""
"org.aviran.cookiebar2.TamperAction","AAR","EDT",""
"org.aviran.cookiebar2.TamperAction","DebuggerDetectionGuard: Tampering not detected","\x1773E652>\xf/=-*:.31\x96!1""v[\xf\x1b&(\x1c(\x1e""\x1aQ\x1f\x1f#M\x11\x11\x1f\xf\xc\x1c\xc\xa",""
"org.aviran.cookiebar2.TamperAction","AAR","\x8\x9\x1b",""
"org.aviran.cookiebar2.TamperAction","ChecksumGuard: Tampering detected","^\x3~{\x3\xa\xb\x2Z\x8r\x3sH-`lwymyosk#fftdaqa_",""
"org.aviran.cookiebar2.TamperAction","AAR",",-?",""
"org.aviran.cookiebar2.TamperAction","ChecksumGuard: Tampering not detected","\x16<:9BKNG""Q>PC\x1a\x16DQUKYQWQ\xbZ\b\xfTVfXWi[[",""
"org.aviran.cookiebar2.TamperAction","AAR","87G",""
"org.aviran.cookiebar2.TamperAction","ResourceVerificationGuard: Tampering detected","z\xf\x1e\x1b"" \x12\x15\x7\x17%\x1d\x1b\x1f\x1a\x19-#**\x43 2%{b\x18&37-;393l24D65G99",""
"org.aviran.cookiebar2.TamperAction","AAR","34F",""
"org.aviran.cookiebar2.TamperAction","ResourceVerificationGuard: Tampering not detected","Ym|y\x1~pseu\x4{y}xw\xc\x2\x9\x9b\x12~\x11\x4ZAv\x5\x12\x16\xc\x1a\x12\x18\x12K\x1b\x1d#O\x15\x17'\x19\x18*\x1c\x1c",""
"org.aviran.cookiebar2.ThemeResolver","","","No string literals found"
"org.aviran.cookiebar2.Tools","","","No string literals found"
"org.aviran.cookiebar2.annotations.LibraryDetail","","","No string literals found"
"org.aviran.cookiebar2.annotations.LibraryDetails","","","No string literals found"
"menyxskgmwaivro.fuuuuu","","","No string literals found"
"menyxskgmwaivro.ufuuuu","","","No string literals found"
"menyxskgmwaivro.ffuuuu","","","No string literals found"
"menyxskgmwaivro.uufuuu","","","No string literals found"
"menyxskgmwaivro.fufuuu","","","No string literals found"
"menyxskgmwaivro.uffuuu","","","No string literals found"
"menyxskgmwaivro.fffuuu","","","No string literals found"
"menyxskgmwaivro.uuufuu","org.aviran.cookiebar2.jjjdjj","\x18\x1c\x12Y\xe$\x18""\x12 `\x17$%""!\x1e\x1c\x1c.nk)*+&-.",""
"menyxskgmwaivro.uuufuu","b0414\x414\x41404140414\x414","d386:\x39c\x39d9><@=B@D\x3a6",""
"menyxskgmwaivro.uuufuu","org.aviran.cookiebar2.jjjdjj","Z\P\x16H\NVDP\xfCNMHE@<:J\x9\x4?>=6;:",""
"menyxskgmwaivro.uuufuu","b\x4140414\x414\x4140414\x414",">\x370\xa\xd\x9\xb\x36b\x36a\x4\x7\x3\x5\x365",""
"menyxskgmwaivro.uuufuu","menyxskgmwaivro.uuufuu","\x19\x12\x1c(($\x1d\x1a!,\x17 .+)h123%56",""
"menyxskgmwaivro.uuufuu","b0422\x4220422\x422\x422\x422","\x17ejij\x6d6jono\x6db\x6dc\x6dd",""
"menyxskgmwaivro.uuufuu","android.content.Context",">LCRPKG\x12HUU\NX_\x1a0]]dVjg",""
"menyxskgmwaivro.uuufuu","menyxskgmwaivro.uuufuu","1(0:82)$)2\x1b"".)%b)('\x17%$",""
"menyxskgmwaivro.uuufuu","b\x4220422\x4220422\x422\x422","}\x4bdMRQR\x4c2RWVW\x4c7\x4c8",""
"menyxskgmwaivro.uuufuu","menyxskgmwaivro.uuufuu","\x11\xa\x14  \x1c\x15\x12\x19$\xf\x18&#!`)*+\x1d-.",""
"menyxskgmwaivro.uuufuu","b\x42204220422\x422\x422\x422","f\x6a26;:;:?>?\x6ab\x6ac\x6ad",""
"menyxskgmwaivro.uuufuu","java.util.zip.ZipFile","%\x1b/\x19d+)\x1d\x1f_+\x19\x1f[\x7\x15\x1bo\x12\x14\xc",""
"menyxskgmwaivro.uuufuu","entries","|\x5\xa\x7|w\x5",""
"menyxskgmwaivro.uuufuu","java.util.zip.ZipFile","F<P:\x6LJ>@\x1L:@|(6<\x1135-",""
"menyxskgmwaivro.uuufuu","entries","FNSPFAN",""
"menyxskgmwaivro.fuufuu","","","No string literals found"
"menyxskgmwaivro.ufufuu","","","No string literals found"
"menyxskgmwaivro.ffufuu","","","No string literals found"
"menyxskgmwaivro.uuffuu","org.aviran.cookiebar2.jjjdjj","npd*\pbjXd#Wba\YTPN^\x1d\x18SRQJON",""
"menyxskgmwaivro.uuffuu","b\x4140414\x41404140414\x414","-\x35fx{wy\x35asvrtornp\x351",""
"menyxskgmwaivro.uuffuu","org.aviran.cookiebar2.jjjdjj",">B8\x7f4J>H8F\x7=JKHGDBBT\x15\x12OPQLST",""
"menyxskgmwaivro.uuffuu","b04140414\x414\x4140414\x414","sBGEIFKIM\x4ad\x4aeLQOS\x4b3",""
"menyxskgmwaivro.uuffuu","menyxskgmwaivro.uuffuu","f_iuuqjgnydm{xv6~\x7fqr\x3\x4",""
"menyxskgmwaivro.uuffuu","b\x42204220422\x4220422\x422","F\x505\x16\x1b\x1a\x1b\x1a\x1f\x1e\x1f\x50e\x1f$#$\x513",""
"menyxskgmwaivro.uuffuu","menyxskgmwaivro.uuffuu","h_gqoi`[`iRYe`\\x1a`_ON\[",""
"menyxskgmwaivro.uuffuu","b0422\x4220422\x4220422\x422","!mpml\x25fhkhg\x25acfcb\x255",""
"menyxskgmwaivro.uuffuu","android.os.Debug","%1&3/(""j+.g|\x1d\x19+\x1c",""
"menyxskgmwaivro.uuffuu","isDebuggerConnected","\x14\x1dl\xd\x9\x1b\xc\xb\x8\x14c\xf\xd\xc\x2~\xf~|",""
"menyxskgmwaivro.fuffuu","org.aviran.cookiebar2.jjjdjj","8:.s&:,4"".l!,+&#\x1e\x1a\x18(fa\x1d\x1c\x1b\x14\x19\x18",""
"menyxskgmwaivro.fuffuu","b04140414\x41404140414\x414","(v{y}z\x7f}\x2\x4e1\x7f\x5\x3\x7\x4\x9\x7\xb\x4ea",""
"menyxskgmwaivro.fuffuu","org.aviran.cookiebar2.jjjdjj","\x15\x19\xfV\xb!\x15\x1f\xf\x1d]\x14!""\x1f\x1e\x1b\x19\x19+kh&'(#*+",""
"menyxskgmwaivro.fuffuu","b\x414\x4140414\x4140414\x414","3\x4e4\x4e5\x4\x9\x7\xb\x4ea\x9\xe\xc\x10\x4ef",""
"menyxskgmwaivro.fuffuu","menyxskgmwaivro.fuffuu","7.6@>8/*/8!(4/+h .\x1e\x1d+*",""
"menyxskgmwaivro.fuffuu","b0422\x4220422\x42204220422","\xcX[XW\x2c9SVSR\x2c4NQNMJMJI",""
"menyxskgmwaivro.fuffuu","android.content.Context","\x18$\x19&""\x1b\x15]\x12\x1d\x1b \x10\x18\x1dUi\x15\x13\x18\x8\x1a\x15",""
"menyxskgmwaivro.fuffuu","java.lang.System","LBV@\xcI=IA\x7+PII9@",""
"menyxskgmwaivro.fuffuu","getenv",">;I9AH",""
"menyxskgmwaivro.fuffuu","java.io.File","d\r^,ho/Hlpj",""
"menyxskgmwaivro.fuffuu","isDirectory","Wb4ZdXWieiq",""
"menyxskgmwaivro.fuffuu","java.io.File","\x11\x9\x1f\xbX\x15\x1c[t\x19\x1d\x17",""
"menyxskgmwaivro.fuffuu","isDirectory","/:\xc2<0/A=AI",""
"menyxskgmwaivro.fuffuu","java.io.File","\xc\x4\x1a\x6S\x10\x17Vo\x14\x18\x12",""
"menyxskgmwaivro.fuffuu","isDirectory","6?\xf3;-*:46<",""
"menyxskgmwaivro.fuffuu","java.net.InetAddress","\xf\x7\x1d\x9V\x18\x10 Zv\x1d\x15%r\x17\x18'\x1b*+",""
"menyxskgmwaivro.fuffuu","getByAddress","ut\x5S\xcTxy\x9|\xc\xd",""
"menyxskgmwaivro.fuffuu","[B","\x1c\x4",""
"menyxskgmwaivro.fuffuu","java.net.InetAddress",">4H2}=3Ay\x148.<\x8*)6(54",""
"menyxskgmwaivro.fuffuu","getByAddress","\x9\x8\x18f\x1fg\xc\xd\x1c\x10\x1f ",""
"menyxskgmwaivro.fuffuu","[B","U=",""
"menyxskgmwaivro.fuffuu","java.net.Socket","A7K5\x1@6D|!</6/=",""
"menyxskgmwaivro.fuffuu","close",">HLQD",""
"menyxskgmwaivro.fuffuu","java.net.Socket","WMaK\x17VLZ\x137RELES",""
"menyxskgmwaivro.fuffuu","close","v\x1\x5\xa|",""
"menyxskgmwaivro.fuffuu","java.net.Socket",":2H4\x2C;K\x6,I>GBR",""
"menyxskgmwaivro.fuffuu","getInputStream","\x5\x2\x10c\x8\x9\xd\xbh\x9\x6wr}",""
"menyxskgmwaivro.fuffuu","java.net.Socket","zp\x5n:yo}6Zuhohv",""
"menyxskgmwaivro.fuffuu","getOutputStream","\x1e\x1b)\x3(&!%#\x1!\x1e\x10\xb\x16",""
"menyxskgmwaivro.fuffuu","java.net.Socket","\xd\x5\x1b\x7T\x16\xe\x1eX~\x1c\x11\x1a\x15%",""
"menyxskgmwaivro.fuffuu","bind","\x12\x18\x1c\x11",""
"menyxskgmwaivro.fuffuu","java.net.SocketAddress","\x1d\x15+\x17d&\x1e.h\xf,!*%5\x3'(7+:;",""
"menyxskgmwaivro.fuffuu","menyxskgmwaivro.fuffuu","_V^hf`WRW`IP\WS\x11HVFESR",""
"menyxskgmwaivro.fuffuu","b0422\x422\x422042204220422","H\x15\x18\x15\x14\x207\x206\xf\x12\xf\xe\xb\xe\xb\xa\x7\xa\x7\x6",""
"menyxskgmwaivro.fuffuu","menyxskgmwaivro.fuffuu","2+5AA=63:E09GDB\x2;K=>NO",""
"menyxskgmwaivro.fuffuu","b042204220422\x42204220422","R!&%&%*)*).-.\x59c.3232767",""
"menyxskgmwaivro.ufffuu","org.aviran.cookiebar2.jjjdjj","59/v+A5?/=}4AB?>;99K\xc\x9FGHCJK",""
"menyxskgmwaivro.ufffuu","b\x414\x414041404140414\x414","-\x55d\x55e}\x3\x1\x5\x2\x7\x5\x9\x6\xb\x9\xd\x56b",""
"menyxskgmwaivro.ufffuu","org.aviran.cookiebar2.jjjdjj","6:0w,B6@0>~5BC@?<::L\xd\xaGHIDKL",""
"menyxskgmwaivro.ufffuu","b0414\x4140414\x4140414\x414","xEHDF\x3a6@C?A\x3a1;>:<\x39c",""
"menyxskgmwaivro.ufffuu","menyxskgmwaivro.ufffuu","~u}\x8\x6\x7fvqv\x7fho{vr0vfedrq",""
"menyxskgmwaivro.ufffuu","b0449\x4490449\x44904490449","\x10^cdj\x5f8chio\x5fdhmntlqrx",""
"menyxskgmwaivro.ufffuu","android.content.Context","M[Ra_ZV!Wddk]gn)?llseyv",""
"menyxskgmwaivro.ufffuu","menyxskgmwaivro.ufffuu","\x19\x10\x18"" \x1a\x11\xc\x11\x1a\x3\xa\x16\x11\xdJ\x11\x1\x7f~\xd\xc",""
"menyxskgmwaivro.ufffuu","b\x449\x449\x449044904490449","4\x41c\x41d\x41e\x6\xb\xc\x12\xa\xf\x10\x16\xe\x13\x14\x1a",""
"menyxskgmwaivro.ufffuu","menyxskgmwaivro.ufffuu","KDNZZVOLS^IR`][\x1bcUVWgh",""
"menyxskgmwaivro.ufffuu","b\x44904490449\x44904490449","u\x45dEJKQINOU\x466NSTZRWX^",""
"menyxskgmwaivro.ufffuu","menyxskgmwaivro.ufffuu","1*4@@<529D/8FCA\x1I;<=MN",""
"menyxskgmwaivro.ufffuu","b\x44904490449\x44904490449","M\x435\x1d""#)!&'-\x43e&+,2*/06",""
"menyxskgmwaivro.ffffuu","","","No string literals found"
"menyxskgmwaivro.uuuufu","org.aviran.cookiebar2.jjjdjj","hlb*^thrbp1gturqnll~?<yz{v}~",""
"menyxskgmwaivro.uuuufu","b0414\x414041404140414\x414",".|\x2\x7f\x4\x464\x2\x7\x5\x9\x6\xb\x9\xd\xa\xf\xd\x11\x471",""
"menyxskgmwaivro.uuuufu","org.aviran.cookiebar2.jjjdjj","\x9\xd\x3J~\x15\x9\x13\x3\x11Q\x8\x15\x16\x13\x12\xf\xd\xd\x1f_\\x1a\x1b\x1c\x17\x1e\x1f",""
"menyxskgmwaivro.uuuufu","b\x41404140414\x4140414\x414",".\x164y|xzuxtv\x15bpsoq\x156",""
"menyxskgmwaivro.uuuufu","org.aviran.cookiebar2.jjjdjj","Y[O\x15G[MUCO\xeBMLGD?;9I\x8\x3>=<5:9",""
"menyxskgmwaivro.uuuufu","b\x41404140414\x4140414\x414","\xe\x440]b`dafdh\x449fkim\x44e",""
"menyxskgmwaivro.uuuufu","menyxskgmwaivro.uuuufu","\xf\x8\x12\x1e\x1e\x1a\x13\x10\x17""\xd\x16$!\x1f^'()*\x1c,",""
"menyxskgmwaivro.uuuufu","b\x44b044B\x44b044B\x44b\x44b","(\x510w|}\xd\x515|\x2\x3\x12\x51a\x51b",""
"menyxskgmwaivro.uuuufu","android.content.Context","\x4\x12\x9\x18\x16\x11\xdW\xe\x1b\x1b""\x14\x1e%_u##*\x1c0-",""
"menyxskgmwaivro.uuuufu","menyxskgmwaivro.uuuufu","MFP\\XQNU`KTb_]\x1defghZj",""
"menyxskgmwaivro.uuuufu","b044B044B044B044B\x44b\x44b","8\x7\xc\xd\x1c\xb\x10\x11 \xf\x14\x15$\x13\x18\x19(\x5af\x5b0",""
"menyxskgmwaivro.uuuufu","menyxskgmwaivro.uuuufu","zqy\x4\x2{rmr{dkwrn,rqpo_m",""
"menyxskgmwaivro.uuuufu","b\x44b\x44b\x44b\x44b044B\x44b","?\x427\x426\x425\x424\x8\xb\xa\x17\x41f",""
"menyxskgmwaivro.uuuufu","menyxskgmwaivro.uuuufu","\x10\x7\xf\x19\x17\x11\x8\x3\x8\x11y\x1\xd\x8\x4A\x8\x7\x6\x5t\x3",""
"menyxskgmwaivro.uuuufu","b044B044B\x44b044B\x44b\x44b","A\x10\x15\x16%\x14\x19\x1a)\x4b2\x19\x1e\x1f.\x4b7\x4b8",""
"menyxskgmwaivro.fuuufu","","","No string literals found"
"menyxskgmwaivro.ufuufu","","","No string literals found"
"menyxskgmwaivro.ffuufu","","","No string literals found"
"menyxskgmwaivro.uufufu","","","No string literals found"
"menyxskgmwaivro.fufufu","","","No string literals found"
"menyxskgmwaivro.uffufu","","","No string literals found"
"menyxskgmwaivro.fffufu","menyxskgmwaivro.fuuffu","\x11\xa\x14  \x1c\x15\x12\x19$\xf\x18&#!`\x1a*+\x1d\x1e.",""
"menyxskgmwaivro.fffufu","b04110411\x411\x411\x411\x411","V#&""!\x1f""\x1e\x1d\x3fc\x3fb\x3fa\x3f9",""
"menyxskgmwaivro.fffufu","java.io.InputStream","qi\x7fk9u|<X~\x2\x8\x8g\xa\x9|y\x7",""
"menyxskgmwaivro.fffufu","[B","T<",""
"menyxskgmwaivro.fffufu","[B",",\x12",""
"menyxskgmwaivro.uuuffu","menyxskgmwaivro.uuuffu","A8@JHB949B+2>95r987'&4",""
"menyxskgmwaivro.uuuffu","b044B\x44b044B044B044B044B","p?DET\x45eDIJYHMN]LQRaPUVe",""
"menyxskgmwaivro.uuuffu","android.content.res.AssetManager","*8/><73}4AAH:DK\x6K?N\xa\x1eQREU/DRFMLZ",""
"menyxskgmwaivro.uuuffu","java.lang.String","\xa\x7f\x14}I\x7z\x7~Dh\x9\x6{\x7fw",""
"menyxskgmwaivro.uuuffu","menyxskgmwaivro.fuuffu","~u}\x8\x6\x7fvqv\x7fho{vr0gutdcq",""
"menyxskgmwaivro.uuuffu","b04110411\x411\x411\x411\x411","g473203/.\x48c\x48b\x48a\x489",""
"menyxskgmwaivro.uuuffu","java.io.InputStream","bZp\*fm-IorxxXzymjw",""
"menyxskgmwaivro.uuuffu","[B","x^",""
"menyxskgmwaivro.uuuffu","[B","\xao",""
"menyxskgmwaivro.uuuffu","menyxskgmwaivro.uuuffu","xq{\x8\x8\x4|y\x1\xcv\x7f\xe\xb\x9H\x11\x12\x13\x5\x6\x16",""
"menyxskgmwaivro.uuuffu","b\x44b044B044B044B044B044B","@\x528\x10\x15\x16%\x14\x19\x1a)\x18\x1d\x1e-\x1c!""1 %&5",""
"menyxskgmwaivro.uuuffu","android.content.res.AssetManager","*6+84-'o$/-2""*/g+\x1d*cu'&\x17%|\x10\x1c\xe\x13\x10\x1c",""
"menyxskgmwaivro.uuuffu","java.lang.String","\xb\x3\x19\x5R\x12\x8\x16\x10W} \x1f\x17\x1d\x17",""
"menyxskgmwaivro.uuuffu","menyxskgmwaivro.fuuffu","~w\x2\xe\xe\xa\x3\x7f\x7\x12|\x6\x14\x11\xfN\x8\x18\x19\xb\xc\x1c",""
"menyxskgmwaivro.uuuffu","b04110411\x411\x411\x411\x411","\x2PUSTTYWX\x537\x538\x539\x53a",""
"menyxskgmwaivro.uuuffu","java.io.InputStream","rj\x1l:v}=Y\x7f\x3\x9\x9h\xb\xa}z\x8",""
"menyxskgmwaivro.uuuffu","[B","<$",""
"menyxskgmwaivro.uuuffu","[B","{a",""
"menyxskgmwaivro.uuuffu","menyxskgmwaivro.uuuffu","\S[ec]TOT]FMYTP\xeTSRBAO",""
"menyxskgmwaivro.uuuffu","b\x44b\x44b044B044B044B044B","\\x544\x545-23B167F5:;J9>?N",""
"menyxskgmwaivro.uuuffu","android.content.res.AssetManager","""0'64/+u,99@2<C}C7F\x2\x16IJ=M'<J>EDR",""
"menyxskgmwaivro.uuuffu","java.lang.String","$\x1a.\x18c!\x15!\x19^\x3# \x16\x1a\x12",""
"menyxskgmwaivro.fuuffu","","","No string literals found"
"menyxskgmwaivro.ufuffu","","","No string literals found"
"menyxskgmwaivro.ffuffu","org.aviran.cookiebar2.jjjdjj","~\x3x@t\xb~\x9x\x7G}\xb\xc\x9\x8\x5\x3\x3\x15UR\x10\x11\x12\xd\x14\x15",""
"menyxskgmwaivro.ffuffu","b\x4140414041404140414\x414","L\x182\x18\x1b\x17\x19\x14\x17\x13\x15\x10\x13\xf\x11\xc\xf\xb\xd\x171",""
"menyxskgmwaivro.ffuffu","org.aviran.cookiebar2.jjjdjj","SUI\xfAUGO=I\x8<GFA>953C\x2|876/43",""
"menyxskgmwaivro.ffuffu","b041404140414\x4140414\x414","q@ECGDIGKHMKO\x4afMRPT\x4b4",""
"menyxskgmwaivro.ffuffu","menyxskgmwaivro.ffuffu","ngq}}yrov\x2lu\x4\x1~>wx\x9z{\xc",""
"menyxskgmwaivro.ffuffu","b0411\x4110411\x4110411\x411","xGLJK\x52aLQOP\x52fQVTU\x534",""
"menyxskgmwaivro.ffuffu","java.lang.String","\x19\xf#\xdX\x16\xa\x16\xeSw\x18\x15\xb\xf\x7",""
"menyxskgmwaivro.ffuffu","menyxskgmwaivro.ffuffu","tmw\x4\x4\x7fxu|\x8r{\xa\x7\x5D}~\xf\x1\x2\x12",""
"menyxskgmwaivro.ffuffu","b\x4110411\x411\x4110411\x411","\x16\x345ad`_\x340\x33f[^ZY\x33a",""
"menyxskgmwaivro.ffuffu","menyxskgmwaivro.ffuffu","/&.860'""'0\x19 ,'#`\x18\x17%\x15\x14""",""
"menyxskgmwaivro.ffuffu","b04110411\x411\x4110411\x411","U$)'((-+,\x48c\x48d.312\x492",""
"menyxskgmwaivro.ffuffu","menyxskgmwaivro.ffuffu","PGOYWQHCHQ:AMHD\x298F65C",""
"menyxskgmwaivro.ffuffu","b04110411\x411\x4110411\x411","]*-)(&)%$\x384\x383 #\x1f\x1e\x37e",""
"menyxskgmwaivro.ffuffu","menyxskgmwaivro.ffuffu","#\x1c&22.'$+6!*853r,-=/0@",""
"menyxskgmwaivro.ffuffu","b04110411\x411\x4110411\x411","A\xe\x11\xd\xc\xa\xd\x9\x8\x368\x367\x4\x7\x3\x2\x362",""
"menyxskgmwaivro.uufffu","","","No string literals found"
"menyxskgmwaivro.uufffu$fufffu","","","No string literals found"
"menyxskgmwaivro.uffffu","org.aviran.cookiebar2.jjjdjj","46*o""6(0\x1e*h\x1d('""\x1f\x1a\x16\x14$b]\x19\x18\x17\x10\x15\x14",""
"menyxskgmwaivro.uffffu","b04140414041404140414\x414","}JMIKFIEGBEAC>A=?:=9;\x120",""
"menyxskgmwaivro.uffffu","org.aviran.cookiebar2.jjjdjj","RTH\xe@TFN<H\x7;FE@=842B\x1{765.32",""
"menyxskgmwaivro.uffffu","b\x414\x414\x41404140414\x414","|\x52d\x52e\x52fNSQURWUY\x538",""
"menyxskgmwaivro.uffffu","menyxskgmwaivro.uffffu","WNV`^XOJOXAHTOK\x9O?>=<J",""
"menyxskgmwaivro.uffffu","b\x420\x42004200420\x420\x420","v\x335\x334ADA>=@=:\x32b\x32a",""
"menyxskgmwaivro.uffffu","android.content.Context","\x4\x12\x9\x18\x16\x11\xdW\xe\x1b\x1b""\x14\x1e%_u##*\x1c0-",""
"menyxskgmwaivro.uffffu","menyxskgmwaivro.uffffu","4-7CC?85<G2;IFD\x4L>?@AQ",""
"menyxskgmwaivro.uffffu","b\x420\x420\x420\x4200420\x420","!\x3de\x3dd\x3dc\x3dbilif\x3d6",""
"menyxskgmwaivro.uffffu","menyxskgmwaivro.uffffu","\x6|\x5\xf\xd\x7}x}\x7ov\x3}y7}mlkjx",""
"menyxskgmwaivro.uffffu","b\x420042004200420\x420\x420","7\x475\x7\xc\xb\xa\xb\x10\xf\xe\xf\x14\x13\x12\x482\x483",""
"menyxskgmwaivro.uffffu","menyxskgmwaivro.uffffu","_Xbnnjc`gr]ftqo/wijkl|",""
"menyxskgmwaivro.uffffu","b\x420042004200420\x420\x420","6\x3f3\x2\x5\x2~}\x1}zy|yv\x3e6\x3e5",""
"menyxskgmwaivro.fffffu","","","No string literals found"
"menyxskgmwaivro.uuuuuf","java.io.File","\xe\x4\x18\x2M\x8\xdJa\x4\x6}",""
"menyxskgmwaivro.uuuuuf","isDirectory","\x5\xe]\x2\xa{x\x9\x3\x5\xb",""
"menyxskgmwaivro.uuuuuf","java.io.File","UK_I\x15OT\x12)KME",""
"menyxskgmwaivro.uuuuuf","isDirectory","\x2\xbZ~\x7xu\x6\x7f\x2\x8",""
"menyxskgmwaivro.fuuuuf","","","No string literals found"
"menyxskgmwaivro.ufuuuf","","","No string literals found"
"menyxskgmwaivro.ffuuuf","","","No string literals found"
"menyxskgmwaivro.uufuuf","","","No string literals found"
"menyxskgmwaivro.fufuuf","","","No string literals found"
"menyxskgmwaivro.uffuuf","","","No string literals found"
"menyxskgmwaivro.fffuuf","","","No string literals found"
"menyxskgmwaivro.uuufuf","","","No string literals found"
"menyxskgmwaivro.fuufuf","","","No string literals found"
"menyxskgmwaivro.ufufuf","","","No string literals found"
"menyxskgmwaivro.ffufuf","","","No string literals found"
"menyxskgmwaivro.uuffuf","java.io.File","\x13\x9\x1d\x7R\xd\x12Of\x9\xb\x3",""
"menyxskgmwaivro.uuffuf","isDirectory","\x16\x1fn\x13\x1b\xd\xa\x1a\x14\x16\x1c",""
"menyxskgmwaivro.uuffuf","java.lang.System","\x14\xc""\xe[\x1b\x11\x1f\x19`\x7.)+\x1d&",""
"menyxskgmwaivro.uuffuf","getenv","KJZLV_",""
"menyxskgmwaivro.uuffuf","java.lang.String","aYo[)h^lf.Tvumsm",""
"menyxskgmwaivro.uuffuf","java.io.File","KAU?\xbEJ\x8\x1fAC;",""
"menyxskgmwaivro.uuffuf","isDirectory","IR""FN@=MGIO",""
"menyxskgmwaivro.uuffuf","java.lang.System","A9O;\x9H>LF\xe4[VXJS",""
"menyxskgmwaivro.uuffuf","getenv","\x12\x11!\x13\x1d&",""
"menyxskgmwaivro.uuffuf","java.lang.String","\x3x\xdvB\x7fs\x7fw=a\x2~txp",""
"menyxskgmwaivro.fuffuf","","","No string literals found"
"menyxskgmwaivro.ufffuf","","","No string literals found"
"menyxskgmwaivro.ffffuf","","","No string literals found"
"menyxskgmwaivro.uuuuff","","","No string literals found"
"menyxskgmwaivro.fuuuff","","","No string literals found"
"menyxskgmwaivro.ufuuff","","","No string literals found"
"menyxskgmwaivro.ffuuff","","","No string literals found"
"menyxskgmwaivro.uufuff","","","No string literals found"
"menyxskgmwaivro.fufuff","","","No string literals found"
"menyxskgmwaivro.uffuff","","","No string literals found"
"menyxskgmwaivro.fffuff","","","No string literals found"
"menyxskgmwaivro.uuufff","","","No string literals found"
"menyxskgmwaivro.fuufff","","","No string literals found"
"menyxskgmwaivro.ufufff","","","No string literals found"
"menyxskgmwaivro.ffufff","","","No string literals found"
"menyxskgmwaivro.uuffff","","","No string literals found"
"menyxskgmwaivro.fuffff","","","No string literals found"
"menyxskgmwaivro.ufffff","","","No string literals found"
"menyxskgmwaivro.djjjjj","","","No string literals found"
"menyxskgmwaivro.jdjjjj","","","No string literals found"
"org.aviran.cookiebar2.BuildConfig","","","No string literals found"
"org.aviran.cookiebar2.Cookie","org.aviran.cookiebar2.Cookie","_aU\x1bMaS[IU\x14HSRMJEA?O\xe\x9\x1dHGB?:",""
"org.aviran.cookiebar2.Cookie","b\x4290429\x429\x42904290429","Y\x41f%(%+\x41a\x419\x1f""\x1f%\x1b\x1e\x1b!",""
"org.aviran.cookiebar2.Cookie","android.content.Context","R`Wfd_[&\iipbls.Dqqxj~{",""
"org.aviran.cookiebar2.Cookie$1","","","No string literals found"
"org.aviran.cookiebar2.Cookie$2","","","No string literals found"
"org.aviran.cookiebar2.Cookie$3","","","No string literals found"
"org.aviran.cookiebar2.Cookie$CookieBarDismissListener","","","No string literals found"
"org.aviran.cookiebar2.CookieBar","menyxskgmwaivro.uffffu","XOWa_YPKPYBIUPL\xaP@?>=K",""
"org.aviran.cookiebar2.CookieBar","b04200420\x4200420\x420\x420","C\x10\x13\x10\xd\xc\xf\xc\x9\x2fa\x7\xa\x7\x4\x2f5\x2f4",""
"org.aviran.cookiebar2.CookieBar","menyxskgmwaivro.uuuufu","YPXb`ZQLQZCJVQM\xbQPON>L",""
"org.aviran.cookiebar2.CookieBar","b044B\x44b\x44b044B\x44b\x44b","O\x1c\x1f\x1e+\x2b6\x2b5\x16\x19\x18%\x2b0\x2af",""
"org.aviran.cookiebar2.CookieBar","menyxskgmwaivro.fuffuu","VMU_]WNINW@GSNJ\x8?M=<JI",""
"org.aviran.cookiebar2.CookieBar","b\x422\x4220422\x42204220422","l\x42d\x42e=BAB\x433BGFGFKJK",""
"org.aviran.cookiebar2.CookieBar","menyxskgmwaivro.ufffuu","\x10\x7\xf\x19\x17\x11\x8\x3\x8\x11y\x1\xd\x8\x4A\x8wvu\x4\x3",""
"org.aviran.cookiebar2.CookieBar","b\x449\x4490449\x44904490449","w\x4de\x4dfHMNT\x4e4MRSYQVW]",""
"org.aviran.cookiebar2.CookieBar","menyxskgmwaivro.uuffuu","5,4><6-(-6\x1f&2-)f-,\x1c\x1b)(",""
"org.aviran.cookiebar2.CookieBar","b\x422\x4220422\x4220422\x422","\x19\x459\x45ainmn\x45fnsrs\x464",""
"org.aviran.cookiebar2.CookieBar","menyxskgmwaivro.ffuffu","\x7fx\x3\xf\xf\xb\x4\x1\x8\x13}\x7\x15\x12\x10O\x9\xa\x1a\xc\xd\x1d",""
"org.aviran.cookiebar2.CookieBar","b\x411\x4110411\x4110411\x411","\x12\x5be\x5bfbgef\x5c4gljk\x5c9",""
"org.aviran.cookiebar2.CookieBar","menyxskgmwaivro.uuufuu","\x1d\x16 ,,(!\x1e%0\x1b$2/-l567)9:",""
"org.aviran.cookiebar2.CookieBar","b\x422\x4220422\x422\x422\x422","I\x587\x588\x1a\x1f\x1e\x1f\x58d\x58e\x58f",""
"org.aviran.cookiebar2.CookieBar$1","","","No string literals found"
"org.aviran.cookiebar2.CookieBar$Builder","","","No string literals found"
"org.aviran.cookiebar2.CookieBar$CustomViewInitializer","","","No string literals found"
"org.aviran.cookiebar2.CookieBar$dddjjj","","","No string literals found"
"org.aviran.cookiebar2.OnActionClickListener","","","No string literals found"
"org.aviran.cookiebar2.jjjdjj","","","No string literals found"
"org.aviran.cookiebar2.djjdjj","","","No string literals found"
"org.aviran.cookiebar2.Tools","","","No string literals found"
"org.aviran.cookiebar2.annotations.LibraryDetail","","","No string literals found"
"org.aviran.cookiebar2.annotations.LibraryDetails","","","No string literals found"
